set,min_dissim,mean_dissim,max_jaccard_top,mean_jaccard_top,mean_abs_diff
"('S03', 'S06', 'S08', 'S11')",0.3316798768011807,0.42644086025598515,0.4174757281553398,0.2508021514448008,0.20711489045059991
"('S01', 'S03', 'S08', 'S11')",0.3222823872425712,0.3816998107813875,0.4174757281553398,0.30662879543542837,0.16690865700786528
"('S03', 'S06', 'S11', 'S12')",0.30222331565523963,0.4077107971554349,0.4174757281553398,0.25482143464399576,0.21520349894008306
"('S01', 'S06', 'S08', 'S11')",0.29617975280698394,0.43441632709589195,0.4174757281553398,0.20963763888589082,0.18540553439763185
"('S01', 'S03', 'S06', 'S11')",0.29617975280698394,0.42059582399163975,0.4053475935828877,0.21123780162737663,0.17128473694096513
"('S01', 'S03', 'S06', 'S08')",0.29617975280698394,0.3427757065455104,0.36875,0.24105693523521984,0.19474690289449217
"('S01', 'S06', 'S11', 'S12')",0.2893769824994552,0.41640963801836406,0.4174757281553398,0.21293610861913678,0.1928046215794543
"('S01', 'S03', 'S11', 'S12')",0.2893769824994552,0.3441528072071677,0.4174757281553398,0.3126600961343841,0.17430774418968775
"('S01', 'S03', 'S06', 'S12')",0.2893769824994552,0.3278404686716899,0.3890063424947146,0.24773146205091826,0.20520935652928443
"('S01', 'S03', 'S06', 'S09')",0.2787488056966466,0.32841791603410186,0.3934252386002121,0.24904390742463975,0.2086465200420823
"('S03', 'S07', 'S11', 'S12')",0.2777101802769084,0.36471547169024,0.4174757281553398,0.3027812051747195,0.17817915116189165
"('S03', 'S05', 'S06', 'S08')",0.2714046239084804,0.365792145755907,0.566150178784267,0.30891999663599806,0.19429954893070644
"('S03', 'S05', 'S06', 'S09')",0.2714046239084804,0.3615007325604128,0.5850422195416164,0.3169859332578824,0.20847180066883605
"('S03', 'S05', 'S06', 'S12')",0.2714046239084804,0.3590466977717649,0.5831325301204819,0.31576967172456233,0.20511273573175615
"('S03', 'S07', 'S08', 'S11')",0.26351808795883025,0.38888752510329083,0.4174757281553398,0.299207074919153,0.1701300973734613
"('S03', 'S04', 'S06', 'S08')",0.25980416083967095,0.40009876196887917,0.5642857142857143,0.30864699216976593,0.19990276942882104
"('S03', 'S04', 'S06', 'S12')",0.25980416083967095,0.38067594106010405,0.5850422195416164,0.31612569291161124,0.2089214791545441
"('S03', 'S04', 'S06', 'S09')",0.25980416083967095,0.3758179077781796,0.5869565217391305,0.31734272324099466,0.21220832091868255
"('S03', 'S04', 'S07', 'S08')",0.25980416083967095,0.35024357828003316,0.5642857142857143,0.3616176097249563,0.16168721251750554
"('S03', 'S04', 'S07', 'S12')",0.25980416083967095,0.32537876705875746,0.5850422195416164,0.36865115752317323,0.1706663675421758
"('S03', 'S04', 'S07', 'S09')",0.25980416083967095,0.31889079834818224,0.5869565217391305,0.3699051410290238,0.17399600937367377
"('S01', 'S06', 'S09', 'S11')",0.2573614018003194,0.4155490543667776,0.4190064794816415,0.21376719652965895,0.1960065758066275
"('S03', 'S06', 'S09', 'S11')",0.2573614018003194,0.40258262167582826,0.4190064794816415,0.25597453982817714,0.21835084928957146
"('S03', 'S07', 'S09', 'S11')",0.2573614018003194,0.3579573607819825,0.4190064794816415,0.303971263535368,0.18136930157873965
"('S01', 'S03', 'S09', 'S11')",0.2573614018003194,0.3288655041357247,0.4190064794816415,0.31406616945027443,0.17748879740889476
"('S03', 'S05', 'S07', 'S08')",0.2543852051631028,0.3224996466590774,0.566150178784267,0.3619289532548399,0.15696648224993356
"('S03', 'S05', 'S07', 'S09')",0.2543852051631028,0.31113630772243184,0.5850422195416164,0.36958669010956297,0.1711419793543699
"('S03', 'S05', 'S07', 'S12')",0.2543852051631028,0.31031220836243467,0.5831325301204819,0.36833347539977573,0.1677401143499305
"('S02', 'S03', 'S08', 'S11')",0.24801409852442835,0.408253531541687,0.4174757281553398,0.2651770633328079,0.19573331150642637
"('S02', 'S03', 'S11', 'S12')",0.24801409852442835,0.37564320135524054,0.4174757281553398,0.27349702565668726,0.2038219199959095
"('S02', 'S03', 'S04', 'S08')",0.24801409852442835,0.37377653724511806,0.5642857142857143,0.32434987235007917,0.18822686532427413
"('S02', 'S03', 'S09', 'S11')",0.24801409852442835,0.36159220293443084,0.4190064794816415,0.2746636876369103,0.20696232636159365
"('S02', 'S03', 'S05', 'S08')",0.24801409852442835,0.35449812838439543,0.566150178784267,0.324234219363956,0.1828419983397713
"('S02', 'S03', 'S04', 'S12')",0.24801409852442835,0.34047344925044687,0.5850422195416164,0.336129252216609,0.1972455750499972
"('S02', 'S03', 'S05', 'S12')",0.24801409852442835,0.33387241331435713,0.5831325301204819,0.3353845735772046,0.193655185140821
"('S02', 'S03', 'S05', 'S09')",0.24801409852442835,0.3274036251618021,0.5850422195416164,0.3366143919065665,0.19700730609409658
"('S02', 'S03', 'S04', 'S09')",0.24801409852442835,0.32669259302731923,0.5869565217391305,0.33735983934203406,0.2005254728303313
"('S01', 'S05', 'S06', 'S09')",0.24527822043659586,0.34556008327971444,0.5850422195416164,0.2727225478555192,0.18583324097473844
"('S01', 'S05', 'S06', 'S08')",0.24527822043659586,0.344860530624166,0.566150178784267,0.2656994419732431,0.1722959066665848
"('S01', 'S05', 'S06', 'S12')",0.24527822043659586,0.33883845666304624,0.5831325301204819,0.2718283035958582,0.18241957215997381
"('S01', 'S03', 'S05', 'S06')",0.24527822043659586,0.32941814145454307,0.5279069767441861,0.2629470934701241,0.1478560679454031
"('S01', 'S03', 'S05', 'S08')",0.24527822043659586,0.3241173887048654,0.566150178784267,0.37020495615683724,0.1558581513405273
"('S01', 'S03', 'S05', 'S12')",0.24527822043659586,0.2985550002470537,0.5831325301204819,0.3790666487451622,0.1659818168339163
"('S01', 'S03', 'S05', 'S09')",0.24527822043659586,0.2908499074438652,0.5850422195416164,0.3805358784101914,0.16937458464071473
"('S01', 'S04', 'S06', 'S08')",0.227241676955532,0.37809446676842906,0.5642857142857143,0.2678320214415302,0.17406312598271179
"('S01', 'S04', 'S06', 'S12')",0.227241676955532,0.3593950198826763,0.5850422195416164,0.27458990871742645,0.1823923144007741
"('S01', 'S04', 'S06', 'S09')",0.227241676955532,0.3588045784287721,0.5869565217391305,0.27548492177315076,0.1857337600425973
"('S01', 'S03', 'S04', 'S06')",0.227241676955532,0.3434010981345117,0.5208333333333334,0.26421147645302784,0.15549339199120046
"('S01', 'S03', 'S04', 'S08')",0.227241676955532,0.33649545656604596,0.5642857142857143,0.3699419148713135,0.15779847229318553
"('S01', 'S03', 'S04', 'S12')",0.227241676955532,0.2982556951836014,0.5850422195416164,0.3794326331129197,0.16612766071124788
"('S01', 'S03', 'S04', 'S09')",0.227241676955532,0.28323853430984036,0.5869565217391305,0.38090263157401205,0.16944820534510488
"('S02', 'S07', 'S08', 'S11')",0.2147244687014892,0.41314794814996714,0.4174757281553398,0.2285758876291684,0.17475692336492235
"('S02', 'S03', 'S07', 'S11')",0.2147244687014892,0.40013046755691795,0.4053475935828877,0.23373277425955918,0.1537732305678581
"('S02', 'S07', 'S11', 'S12')",0.2147244687014892,0.394635942147712,0.4174757281553398,0.23371786604370956,0.1828059771533527
"('S02', 'S07', 'S09', 'S11')",0.2147244687014892,0.3933817277181082,0.4190064794816415,0.23434649579503164,0.18601008459436266
"('S02', 'S04', 'S07', 'S08')",0.2147244687014892,0.3552515992051253,0.5642857142857143,0.2871956538470321,0.1637874896483529
"('S02', 'S04', 'S07', 'S12')",0.2147244687014892,0.3360468353946454,0.5850422195416164,0.29579704980422356,0.17276664467302316
"('S02', 'S04', 'S07', 'S09')",0.2147244687014892,0.33506276316272376,0.5869565217391305,0.2964896047007477,0.17611024352868312
"('S02', 'S03', 'S07', 'S08')",0.2147244687014892,0.32178257108861963,0.38753959873284055,0.2644427531125006,0.1780786074222599
"('S02', 'S05', 'S07', 'S08')",0.2147244687014892,0.3216800066533364,0.566150178784267,0.28472271917074965,0.159458214530924
"('S02', 'S05', 'S07', 'S09')",0.2147244687014892,0.3214806116061403,0.5850422195416164,0.2933868755751208,0.1736476686595223
"('S02', 'S03', 'S04', 'S07')",0.2147244687014892,0.32136125308241104,0.5208333333333334,0.28713183274743476,0.1383548603164441
"('S02', 'S05', 'S07', 'S12')",0.2147244687014892,0.31515261576748965,0.5831325301204819,0.2926950894746599,0.17023184663092086
"('S02', 'S03', 'S05', 'S07')",0.2147244687014892,0.3070406399949167,0.5279069767441861,0.2855270945565356,0.12815548046934472
"('S02', 'S03', 'S07', 'S09')",0.2147244687014892,0.30652583287446644,0.3934252386002121,0.2740707758240155,0.1926303443902947
"('S02', 'S03', 'S07', 'S12')",0.2147244687014892,0.30634201629007196,0.3890063424947146,0.2729607886094942,0.1891910276636601
"('S03', 'S06', 'S07', 'S11')",0.21418280868127715,0.42943679815751856,0.4053475935828877,0.20539539410411023,0.1652254265485811
"('S06', 'S07', 'S09', 'S11')",0.21418280868127715,0.41879090929402996,0.4190064794816415,0.20534813484829886,0.19921199391839275
"('S06', 'S07', 'S08', 'S11')",0.21418280868127715,0.4157540396987899,0.4174757281553398,0.2038917626031617,0.18795188870514823
"('S06', 'S07', 'S11', 'S12')",0.21418280868127715,0.4111223007824307,0.4174757281553398,0.20473306189301846,0.19600094249357855
"('S04', 'S06', 'S07', 'S09')",0.21418280868127715,0.36860684074810834,0.5869565217391305,0.26616327546170876,0.18960647801308658
"('S04', 'S06', 'S07', 'S08')",0.21418280868127715,0.36599258676341084,0.5642857142857143,0.2611835605287192,0.1772767801489521
"('S04', 'S06', 'S07', 'S12')",0.21418280868127715,0.36066809003882694,0.5850422195416164,0.26548427736122626,0.18625593517362238
"('S03', 'S04', 'S06', 'S07')",0.21418280868127715,0.3588024796924746,0.5208333333333334,0.2574664842996796,0.15010138145754046
"('S05', 'S06', 'S07', 'S09')",0.21418280868127715,0.33999648183927567,0.5850422195416164,0.2634492037884371,0.18692554963031402
"('S03', 'S06', 'S07', 'S09')",0.21418280868127715,0.3335203281706328,0.3934252386002121,0.2418599844423106,0.20449608708731204
"('S03', 'S05', 'S06', 'S07')",0.21418280868127715,0.3294536592527306,0.5279069767441861,0.25625040356113576,0.13968364809682937
"('S03', 'S06', 'S07', 'S08')",0.21418280868127715,0.3259739763576869,0.36875,0.23654619765152174,0.18993740613547297
"('S05', 'S06', 'S07', 'S12')",0.21418280868127715,0.32474566305942165,0.5831325301204819,0.2627709744840179,0.1835027836179083
"('S03', 'S06', 'S07', 'S12')",0.21418280868127715,0.32441368864503517,0.3890063424947146,0.24076355402383087,0.20104982637687316
"('S05', 'S06', 'S07', 'S08')",0.21418280868127715,0.31739278685937267,0.566150178784267,0.25909928330479204,0.17272915151791143
"('S01', 'S02', 'S08', 'S11')",0.1957403480045622,0.4149800580766304,0.4174757281553398,0.23537777442558053,0.1719225738390755
"('S01', 'S02', 'S11', 'S12')",0.1957403480045622,0.38309310191320634,0.4174757281553398,0.24297692328351086,0.17932166102089797
"('S01', 'S02', 'S03', 'S11')",0.1957403480045622,0.3744593159206002,0.4053475935828877,0.24063119229650853,0.15954454574191165
"('S01', 'S02', 'S09', 'S11')",0.1957403480045622,0.3733096953204168,0.4190064794816415,0.24382156799007473,0.18251667126426693
"('S01', 'S02', 'S04', 'S08')",0.1957403480045622,0.3505233017397046,0.5642857142857143,0.2949001252735261,0.1602858402637821
"('S01', 'S02', 'S05', 'S08')",0.1957403480045622,0.33231757294769093,0.566150178784267,0.29237888835288367,0.15873697446126686
"('S01', 'S02', 'S03', 'S08')",0.1957403480045622,0.3217541238060043,0.39638682252922425,0.2700095012098817,0.18260010896294862
"('S01', 'S02', 'S04', 'S12')",0.1957403480045622,0.31794358776805565,0.5850422195416164,0.30595869167410683,0.16861502868184444
"('S01', 'S02', 'S05', 'S12')",0.1957403480045622,0.3124152319006751,0.5831325301204819,0.3028084291001832,0.16886063995465586
"('S01', 'S02', 'S05', 'S09')",0.1957403480045622,0.31021403557614013,0.5850422195416164,0.30371623015588584,0.17226736478561624
"('S01', 'S02', 'S04', 'S09')",0.1957403480045622,0.3084303233729484,0.5869565217391305,0.30686726152587274,0.1719495303398634
"('S01', 'S02', 'S03', 'S12')",0.1957403480045622,0.2929386188462876,0.39638682252922425,0.28098470715026447,0.1930625625977409
"('S01', 'S02', 'S03', 'S05')",0.1957403480045622,0.29017494472629013,0.5279069767441861,0.2932797949792069,0.136039905099588
"('S01', 'S02', 'S03', 'S04')",0.1957403480045622,0.28912969405400935,0.5208333333333334,0.29493283541446597,0.1434588756317736
"('S01', 'S02', 'S03', 'S09')",0.1957403480045622,0.28459324326749647,0.39638682252922425,0.28231070932002766,0.1964927821267345
"('S05', 'S06', 'S08', 'S11')",0.18548199504094165,0.4169401986009652,0.7042801556420234,0.3195324527873442,0.17830538274003652
"('S01', 'S05', 'S06', 'S11')",0.18548199504094165,0.40991630621238706,0.7042801556420234,0.25280237224454466,0.15253182535139545
"('S05', 'S06', 'S09', 'S11')",0.18548199504094165,0.40813930318776526,0.7042801556420234,0.3237409748635767,0.1891790587395716
"('S05', 'S06', 'S07', 'S11')",0.18548199504094165,0.40809126680129604,0.7042801556420234,0.24487054363652536,0.15171525656935728
"('S02', 'S05', 'S08', 'S11')",0.18548199504094165,0.4072314949496979,0.7042801556420234,0.33163424508033007,0.1655116655220886
"('S05', 'S06', 'S11', 'S12')",0.18548199504094165,0.40712329941311554,0.7042801556420234,0.32300607079345595,0.1860552030881164
"('S03', 'S05', 'S06', 'S11')",0.18548199504094165,0.39718137684638166,0.7042801556420234,0.3196831333563038,0.1624630760671544
"('S02', 'S05', 'S07', 'S11')",0.18548199504094165,0.3872635612637265,0.7042801556420234,0.27093480419695304,0.13885092231485993
"('S02', 'S05', 'S11', 'S12')",0.18548199504094165,0.3835343286759524,0.7042801556420234,0.3394085422111262,0.17326148587016846
"('S02', 'S05', 'S09', 'S11')",0.18548199504094165,0.37562750950939894,0.7042801556420234,0.3401570030772887,0.17637839753781948
"('S01', 'S02', 'S05', 'S11')",0.18548199504094165,0.3722584232043785,0.7042801556420234,0.2799226433186553,0.1393794958785676
"('S02', 'S03', 'S05', 'S11')",0.18548199504094165,0.3607724341433366,0.7042801556420234,0.33543818077873183,0.15141212820870933
"('S01', 'S05', 'S08', 'S11')",0.18548199504094165,0.3327910977689571,0.7042801556420234,0.39508521798133117,0.10197802767287321
"('S03', 'S05', 'S07', 'S11')",0.18548199504094165,0.32998520688866984,0.7042801556420234,0.3721579375368562,0.13166987479754663
"('S05', 'S07', 'S08', 'S11')",0.18548199504094165,0.3293127985138904,0.7042801556420234,0.3855740763803029,0.11044220964881502
"('S03', 'S05', 'S08', 'S11')",0.18548199504094165,0.32170668005935,0.7042801556420234,0.49831843881811727,0.1564097564249913
"('S05', 'S07', 'S11', 'S12')",0.18548199504094165,0.31405390901354036,0.7042801556420234,0.3886025414427862,0.11815247529584211
"('S05', 'S07', 'S09', 'S11')",0.18548199504094165,0.3134399773595392,0.7042801556420234,0.38937439868937423,0.12131913101465691
"('S01', 'S03', 'S05', 'S11')",0.18548199504094165,0.30596024458075544,0.7042801556420234,0.38176561037842177,0.13181135752150516
"('S01', 'S05', 'S11', 'S12')",0.18548199504094165,0.304157258107438,0.7042801556420234,0.4005708534872037,0.1090383267132924
"('S01', 'S05', 'S09', 'S11')",0.18548199504094165,0.29501413429025114,0.7042801556420234,0.40155872568903356,0.11219588523446618
"('S03', 'S05', 'S11', 'S12')",0.18548199504094165,0.29234946637480863,0.7042801556420234,0.504524887789939,0.1641595767730712
"('S03', 'S05', 'S09', 'S11')",0.18548199504094165,0.2789387507296016,0.7042801556420234,0.5058347772654278,0.1672625314165602
"('S04', 'S06', 'S08', 'S11')",0.1594487297744317,0.4488413477809873,0.6976744186046512,0.31933743271669207,0.17803486891714823
"('S04', 'S06', 'S07', 'S11')",0.1594487297744317,0.4350346202080898,0.6976744186046512,0.24616460877064925,0.15625925560906548
"('S04', 'S06', 'S11', 'S12')",0.1594487297744317,0.4263470756685047,0.6976744186046512,0.3234400763760851,0.18399021218990144
"('S02', 'S04', 'S08', 'S11')",0.1594487297744317,0.42410443677747056,0.6976744186046512,0.33182788246203326,0.16502279818558854
"('S01', 'S04', 'S06', 'S11')",0.1594487297744317,0.4214937958594056,0.6976744186046512,0.25414473962302847,0.15429541507618993
"('S04', 'S06', 'S09', 'S11')",0.1594487297744317,0.42005101137258194,0.6976744186046512,0.32417574924226916,0.18704184466841522
"('S03', 'S04', 'S06', 'S11')",0.1594487297744317,0.4098315465621093,0.6976744186046512,0.31861991680026835,0.1680626669739365
"('S02', 'S04', 'S07', 'S11')",0.1594487297744317,0.3991787073182709,0.6976744186046512,0.27261752678343226,0.14317656784095634
"('S02', 'S04', 'S11', 'S12')",0.1594487297744317,0.38772989757909204,0.6976744186046512,0.34023120524611056,0.17097814145834178
"('S02', 'S04', 'S09', 'S11')",0.1594487297744317,0.3725110103419661,0.6976744186046512,0.34098043490833635,0.1740228299530513
"('S01', 'S02', 'S04', 'S11')",0.1594487297744317,0.36880770549914776,0.6976744186046512,0.2816536681494945,0.14092473208975034
"('S02', 'S03', 'S04', 'S11')",0.1594487297744317,0.3583943965068148,0.6976744186046512,0.33476362167505175,0.15679336560187968
"('S04', 'S07', 'S08', 'S11')",0.1594487297744317,0.3546512631018961,0.6976744186046512,0.38534071724599933,0.10928920559538409
"('S01', 'S04', 'S08', 'S11')",0.1594487297744317,0.34276369859718747,0.6976744186046512,0.39490016109138754,0.09804461430452856
"('S03', 'S04', 'S07', 'S11')",0.1594487297744317,0.3360726920123811,0.6976744186046512,0.3710563819171693,0.1363869754737861
"('S03', 'S04', 'S08', 'S11')",0.1594487297744317,0.33275196095628967,0.6976744186046512,0.49572779799365435,0.1563123442386343
"('S04', 'S07', 'S11', 'S12')",0.1594487297744317,0.32671500067691295,0.6976744186046512,0.38899820796176376,0.11520499416708453
"('S04', 'S07', 'S09', 'S11')",0.1594487297744317,0.3187890009523394,0.6976744186046512,0.3897708340044151,0.1182994267129579
"('S01', 'S04', 'S11', 'S12')",0.1594487297744317,0.3014524860110356,0.6976744186046512,0.40101482225054125,0.1033104362696211
"('S01', 'S03', 'S04', 'S11')",0.1594487297744317,0.2966818659446915,0.6976744186046512,0.3807123570030948,0.1337480488828309
"('S03', 'S04', 'S11', 'S12')",0.1594487297744317,0.2907173743471153,0.6976744186046512,0.5025632726187571,0.1622676875113875
"('S01', 'S04', 'S09', 'S11')",0.1594487297744317,0.28499729412327623,0.6976744186046512,0.40200346324843433,0.10639577161785342
"('S03', 'S04', 'S09', 'S11')",0.1594487297744317,0.2699945906313358,0.6976744186046512,0.5038739308903094,0.16529841898193506
"('S06', 'S08', 'S09', 'S11')",0.13540325904987094,0.38286393576761124,0.7853260869565217,0.31476680031192233,0.19359593428084118
"('S04', 'S06', 'S08', 'S09')",0.13540325904987094,0.37697208739962773,0.7853260869565217,0.38135569145472803,0.1919023424447968
"('S02', 'S08', 'S09', 'S11')",0.13540325904987094,0.3685737560779917,0.7853260869565217,0.3298026929912133,0.18046464199336051
"('S02', 'S04', 'S08', 'S09')",0.13540325904987094,0.35454701170054526,0.7853260869565217,0.39771955242632523,0.17847672499694278
"('S05', 'S06', 'S08', 'S09')",0.13540325904987094,0.34340393271756653,0.7853260869565217,0.3801307049862324,0.19403592692462068
"('S02', 'S05', 'S08', 'S09')",0.13540325904987094,0.3360070643707336,0.7853260869565217,0.39610590850547434,0.18082866299037845
"('S03', 'S06', 'S08', 'S09')",0.13540325904987094,0.3250829093477212,0.7853260869565217,0.3292863338299776,0.2269058021129583
"('S07', 'S08', 'S09', 'S11')",0.13540325904987094,0.3178074447444025,0.7853260869565217,0.3763303434315195,0.11954441474839567
"('S01', 'S08', 'S09', 'S11')",0.13540325904987094,0.3162188496611257,0.7853260869565217,0.3863287181058886,0.10705824587865038
"('S03', 'S04', 'S08', 'S09')",0.13540325904987094,0.3101285863707125,0.7853260869565217,0.5365961491524853,0.17444162926214943
"('S02', 'S03', 'S08', 'S09')",0.13540325904987094,0.3092074159378573,0.7853260869565217,0.3475346569442406,0.2151106764524904
"('S03', 'S08', 'S09', 'S11')",0.13540325904987094,0.30490292862657464,0.7853260869565217,0.4648885211294338,0.17390299739795348
"('S01', 'S06', 'S08', 'S09')",0.13540325904987094,0.30438279754092423,0.7853260869565217,0.31073919698046354,0.1924891370816516
"('S03', 'S07', 'S08', 'S09')",0.13540325904987094,0.3043613193147575,0.7853260869565217,0.3778172099754579,0.1833843889909614
"('S01', 'S03', 'S08', 'S09')",0.13540325904987094,0.30091216702220214,0.7853260869565217,0.38658044595079605,0.17825407118775163
"('S04', 'S07', 'S08', 'S09')",0.13540325904987094,0.2996137478402673,0.7853260869565217,0.4474849286551635,0.11662005907817441
"('S03', 'S05', 'S08', 'S09')",0.13540325904987094,0.2974162999717337,0.7853260869565217,0.5377667834378005,0.17640211210544202
"('S01', 'S04', 'S08', 'S09')",0.13540325904987094,0.2914647453649065,0.7853260869565217,0.4583858879596144,0.10346659034970512
"('S01', 'S02', 'S08', 'S09')",0.13540325904987094,0.2872583638260967,0.7853260869565217,0.3403527437464093,0.17859262980680093
"('S04', 'S08', 'S09', 'S11')",0.13540325904987094,0.28253723427136235,0.7853260869565217,0.5784541582038332,0.0907192719382357
"('S06', 'S07', 'S08', 'S09')",0.13540325904987094,0.2819819481144742,0.7853260869565217,0.3036518052386717,0.1969443688267817
"('S02', 'S07', 'S08', 'S09')",0.13540325904987094,0.2816876918700858,0.7853260869565217,0.33220934149093434,0.18333585677026154
"('S01', 'S05', 'S08', 'S09')",0.13540325904987094,0.2798251390346369,0.7853260869565217,0.45715093831041037,0.10926307437498535
"('S05', 'S07', 'S08', 'S09')",0.13540325904987094,0.27260827775022245,0.7853260869565217,0.4462982812503193,0.11963613378854092
"('S05', 'S08', 'S09', 'S11')",0.13540325904987094,0.27223041490533395,0.7853260869565217,0.5795468080935683,0.09855348910253119
"('S02', 'S04', 'S06', 'S11')",0.08093310152765598,0.4597099326613313,0.6976744186046512,0.24505657727063723,0.16808364007854926
"('S02', 'S05', 'S06', 'S11')",0.08093310152765598,0.4412321020147706,0.7042801556420234,0.2433355156205065,0.16287550432191022
"('S02', 'S06', 'S08', 'S11')",0.08093310152765598,0.4374736540959938,0.49318181818181817,0.2050464797589222,0.20497309717950343
"('S02', 'S06', 'S09', 'S11')",0.08093310152765598,0.4247793594052863,0.49318181818181817,0.21122528769194668,0.216223013042637
"('S02', 'S06', 'S11', 'S12')",0.08093310152765598,0.4244036384062393,0.49318181818181817,0.21063361111709178,0.2130617056689866
"('S01', 'S02', 'S06', 'S11')",0.08093310152765598,0.4124019815649236,0.49318181818181817,0.2303233566195189,0.16760917292983382
"('S02', 'S06', 'S07', 'S11')",0.08093310152765598,0.4122231314822359,0.49318181818181817,0.22510078281611576,0.16116277169770066
"('S02', 'S03', 'S06', 'S11')",0.08093310152765598,0.40402494337358175,0.49318181818181817,0.22377018580171917,0.14691943256082554
"('S02', 'S04', 'S06', 'S08')",0.08093310152765598,0.39187915368730375,0.5642857142857143,0.2591005518959477,0.19523442729711094
"('S02', 'S04', 'S06', 'S09')",0.08093310152765598,0.37876224338605347,0.5869565217391305,0.26880270251682464,0.20755393581113438
"('S02', 'S04', 'S06', 'S12')",0.08093310152765598,0.37811638018932425,0.5850422195416164,0.2681471007967677,0.20425313702283399
"('S02', 'S05', 'S06', 'S09')",0.08093310152765598,0.3586174072374537,0.5850422195416164,0.26566163432754614,0.2042088707114309
"('S02', 'S05', 'S06', 'S08')",0.08093310152765598,0.3517448765434986,0.566150178784267,0.25658927815601373,0.1900226619491394
"('S02', 'S05', 'S06', 'S12')",0.08093310152765598,0.3506594759701521,0.5831325301204819,0.2650068014035525,0.20083584875018903
"('S02', 'S03', 'S04', 'S06')",0.08093310152765598,0.3375575774352265,0.5208333333333334,0.2726035502087566,0.13273182614358842
"('S02', 'S04', 'S06', 'S07')",0.08093310152765598,0.3223364108956077,0.49318181818181817,0.27338110442374547,0.14351217774604633
"('S02', 'S03', 'S05', 'S06')",0.08093310152765598,0.3166742797557157,0.5279069767441861,0.27096047295420594,0.12164995606594646
"('S01', 'S02', 'S04', 'S06')",0.08093310152765598,0.31595485358621145,0.49318181818181817,0.27950626285723046,0.1492912791194555
"('S02', 'S03', 'S06', 'S08')",0.08093310152765598,0.30177337604440124,0.49318181818181817,0.2539460122163712,0.17776467482639244
"('S01', 'S02', 'S05', 'S06')",0.08093310152765598,0.29614423597540973,0.49318181818181817,0.2754576016681606,0.14204541022380116
"('S02', 'S03', 'S06', 'S09')",0.08093310152765598,0.2935885635713995,0.49318181818181817,0.2639822346950474,0.19231316642812044
"('S02', 'S03', 'S06', 'S12')",0.08093310152765598,0.29177481155835416,0.49318181818181817,0.26290920065699314,0.18891664976884537
"('S02', 'S06', 'S08', 'S09')",0.08093310152765598,0.28918165269638163,0.7853260869565217,0.30855398094956,0.22008865062970093
"('S02', 'S05', 'S06', 'S07')",0.08093310152765598,0.2871599295250308,0.49318181818181817,0.2693807454790355,0.13348589953547826
"('S01', 'S02', 'S06', 'S08')",0.08093310152765598,0.27648386973799666,0.49318181818181817,0.284159389483175,0.18638202364703804
"('S01', 'S02', 'S06', 'S09')",0.08093310152765598,0.27329002311603745,0.49318181818181817,0.293152781222243,0.2002955978187901
"('S02', 'S06', 'S07', 'S09')",0.08093310152765598,0.2693726110040019,0.49318181818181817,0.2865886919597771,0.1957580740242707
"('S01', 'S02', 'S06', 'S12')",0.08093310152765598,0.26720867927497194,0.49318181818181817,0.2924017644578479,0.19684447728183027
"('S02', 'S06', 'S07', 'S12')",0.08093310152765598,0.2547620749997508,0.49318181818181817,0.2860536901506238,0.1922978562896698
"('S02', 'S06', 'S07', 'S08')",0.08093310152765598,0.25066231530160665,0.49318181818181817,0.28026848561934015,0.18118543604826964
"('S02', 'S03', 'S06', 'S07')",0.08093310152765598,0.2490332987271362,0.49318181818181817,0.2959926313495213,0.10592857468139179
"('S01', 'S02', 'S03', 'S06')",0.08093310152765598,0.2473515916005452,0.49318181818181817,0.2999800664538934,0.11973082698006049
"('S01', 'S06', 'S07', 'S11')",0.07419174682647922,0.39299384366810175,0.7289473684210527,0.26718704269207877,0.1510767719277287
"('S01', 'S02', 'S07', 'S11')",0.07419174682647922,0.36243857276253777,0.7289473684210527,0.3068896464992103,0.13752319433262292
"('S01', 'S03', 'S07', 'S11')",0.07419174682647922,0.3574047859825863,0.7289473684210527,0.31267960711117404,0.1344301390811967
"('S01', 'S07', 'S08', 'S11')",0.07419174682647922,0.3507940589574756,0.7289473684210527,0.32464626378209455,0.11148096471624973
"('S01', 'S07', 'S11', 'S12')",0.07419174682647922,0.32734537956744714,0.7289473684210527,0.32749958057171197,0.11884049719701938
"('S01', 'S07', 'S09', 'S11')",0.07419174682647922,0.3248548604872098,0.7289473684210527,0.3283676216587014,0.12208525149155218
"('S01', 'S03', 'S07', 'S08')",0.07419174682647922,0.303488339397339,0.7289473684210527,0.3430328931573066,0.15135243962355865
"('S01', 'S04', 'S07', 'S11')",0.07419174682647922,0.3016660083239554,0.7289473684210527,0.3731849061617809,0.08567994697179597
"('S01', 'S05', 'S07', 'S11')",0.07419174682647922,0.29665120326895333,0.7289473684210527,0.3718808778469485,0.08479884747754414
"('S01', 'S04', 'S06', 'S07')",0.07419174682647922,0.29237976316270087,0.7289473684210527,0.31960767471832235,0.1318224394435468
"('S01', 'S03', 'S07', 'S12')",0.07419174682647922,0.28311111121101806,0.7289473684210527,0.3492622670293766,0.16177533855729812
"('S01', 'S04', 'S07', 'S08')",0.07419174682647922,0.28217035009386093,0.7289473684210527,0.38740634041857197,0.09890779246715271
"('S01', 'S03', 'S07', 'S09')",0.07419174682647922,0.28205862314477914,0.7289473684210527,0.3506116655795653,0.16525530213745554
"('S01', 'S03', 'S06', 'S07')",0.07419174682647922,0.27386366841421295,0.7289473684210527,0.32059865511736435,0.13239236576139118
"('S01', 'S06', 'S07', 'S09')",0.07419174682647922,0.2684017950345122,0.7289473684210527,0.32626900873967507,0.177640123488121
"('S01', 'S03', 'S04', 'S07')",0.07419174682647922,0.26790821158930667,0.7289473684210527,0.37021897601766346,0.11740803029725509
"('S01', 'S05', 'S06', 'S07')",0.07419174682647922,0.2641036227916661,0.7289473684210527,0.3159860100452592,0.12524070726482334
"('S01', 'S03', 'S05', 'S07')",0.07419174682647922,0.2604879395013544,0.7289473684210527,0.36899293209841116,0.11065319648200035
"('S01', 'S04', 'S07', 'S12')",0.07419174682647922,0.2580289128956078,0.7289473684210527,0.3937190747508399,0.10719742618416227
"('S01', 'S06', 'S07', 'S08')",0.07419174682647922,0.25586447737052354,0.7289473684210527,0.3219980526884944,0.16371635996625786
"('S01', 'S04', 'S07', 'S09')",0.07419174682647922,0.25580853601305265,0.7289473684210527,0.3946510409830313,0.11058167189334506
"('S01', 'S05', 'S07', 'S08')",0.07419174682647922,0.25549909854161434,0.7289473684210527,0.3853121000139364,0.09802306338156837
"('S01', 'S06', 'S07', 'S12')",0.07419174682647922,0.2550275636808944,0.7289473684210527,0.3254945955948545,0.17413925889999735
"('S01', 'S02', 'S04', 'S07')",0.07419174682647922,0.25368959624767395,0.7289473684210527,0.3606382468177601,0.11797453668806762
"('S01', 'S02', 'S07', 'S08')",0.07419174682647922,0.25042413179649303,0.7289473684210527,0.3612598318011558,0.149756179638662
"('S01', 'S05', 'S07', 'S09')",0.07419174682647922,0.24912672545601133,0.7289473684210527,0.39192700612905124,0.1115636430560288
"('S01', 'S05', 'S07', 'S12')",0.07419174682647922,0.244035034267994,0.7289473684210527,0.39099580869292305,0.10810717417390459
"('S01', 'S02', 'S03', 'S07')",0.07419174682647922,0.24172308378840446,0.7289473684210527,0.363513689359468,0.12017495479329814
"('S01', 'S02', 'S05', 'S07')",0.07419174682647922,0.2404416632288887,0.7289473684210527,0.3566279246923416,0.11161115802295592
"('S01', 'S02', 'S07', 'S09')",0.07419174682647922,0.24015835943338237,0.7289473684210527,0.36984502377306255,0.16367299917672087
"('S01', 'S07', 'S08', 'S09')",0.07419174682647922,0.23759227452223852,0.7853260869565217,0.4258737745477954,0.11202794735541122
"('S01', 'S02', 'S07', 'S12')",0.07419174682647922,0.23570695102096761,0.7289473684210527,0.3690570538322003,0.16017907857240146
"('S01', 'S02', 'S06', 'S07')",0.07419174682647922,0.17932537109140811,0.7289473684210527,0.42916216976320354,0.12210662493415302
"('S04', 'S05', 'S06', 'S08')",0.06974858816969687,0.3833416850702017,0.93519882179676,0.39661611457969115,0.16748633122425585
"('S04', 'S05', 'S06', 'S11')",0.06974858816969687,0.38031012780552353,0.93519882179676,0.42351110308933837,0.13934431340770906
"('S04', 'S05', 'S06', 'S09')",0.06974858816969687,0.3741181740464591,0.93519882179676,0.40434797934377614,0.17942959987468088
"('S04', 'S05', 'S06', 'S12')",0.06974858816969687,0.3728320280741273,0.93519882179676,0.4035491501284532,0.17616625280857565
"('S02', 'S04', 'S05', 'S06')",0.06974858816969687,0.36750832083275786,0.93519882179676,0.3114077010949257,0.1450809674106713
"('S02', 'S04', 'S05', 'S08')",0.06974858816969687,0.3654980854094716,0.93519882179676,0.4100458751649832,0.15439828884593457
"('S03', 'S04', 'S05', 'S06')",0.06974858816969687,0.342709997785953,0.93519882179676,0.39154608741866254,0.14719508801652917
"('S02', 'S04', 'S05', 'S12')",0.06974858816969687,0.3411081613275011,0.93519882179676,0.42127958983842967,0.16307821043025436
"('S02', 'S04', 'S05', 'S11')",0.06974858816969687,0.33735160281326004,0.93519882179676,0.43738168836910046,0.12666287376187785
"('S02', 'S04', 'S05', 'S09')",0.06974858816969687,0.33347148435862983,0.93519882179676,0.4220919758497943,0.16633461351255532
"('S04', 'S05', 'S06', 'S07')",0.06974858816969687,0.33020053309259456,0.93519882179676,0.3161804548994765,0.1329842809843148
"('S01', 'S04', 'S05', 'S06')",0.06974858816969687,0.3254651651116015,0.93519882179676,0.3250148681375777,0.13313354990762902
"('S02', 'S04', 'S05', 'S07')",0.06974858816969687,0.301237931545562,0.93519882179676,0.3435726837522104,0.11982562156944404
"('S03', 'S04', 'S05', 'S08')",0.06974858816969687,0.29922567264070776,0.93519882179676,0.58052083749071,0.14782292860945095
"('S02', 'S03', 'S04', 'S05')",0.06974858816969687,0.2981661590734451,0.93519882179676,0.40862910313339684,0.13584981499771073
"('S04', 'S05', 'S07', 'S08')",0.06974858816969687,0.2834124364469751,0.93519882179676,0.467223432253488,0.09839239429885745
"('S01', 'S04', 'S05', 'S08')",0.06974858816969687,0.28033032830995774,0.93519882179676,0.4776371584845982,0.08926091246419166
"('S01', 'S02', 'S04', 'S05')",0.06974858816969687,0.27967238609413014,0.93519882179676,0.3534631075039945,0.11968689527442777
"('S04', 'S05', 'S08', 'S09')",0.06974858816969687,0.270199657405814,0.93519882179676,0.6704932571840017,0.09548519047272536
"('S03', 'S04', 'S05', 'S12')",0.06974858816969687,0.26917570114794154,0.93519882179676,0.5901867040051821,0.15650285019377075
"('S04', 'S05', 'S07', 'S12')",0.06974858816969687,0.2674607891384002,0.93519882179676,0.4737113148586216,0.10703276118212444
"('S04', 'S05', 'S07', 'S09')",0.06974858816969687,0.26711699968208125,0.93519882179676,0.4745470972504118,0.11033890831558923
"('S04', 'S05', 'S08', 'S11')",0.06974858816969687,0.2650013469665259,0.93519882179676,0.6475108362114592,0.08141627292698438
"('S03', 'S04', 'S05', 'S07')",0.06974858816969687,0.2632119792920896,0.93519882179676,0.4485865856800532,0.11517112291274444
"('S04', 'S05', 'S07', 'S11')",0.06974858816969687,0.25647720832141496,0.93519882179676,0.49358426832484587,0.07679024189347572
"('S03', 'S04', 'S05', 'S09')",0.06974858816969687,0.2560351277004167,0.93519882179676,0.5915605186258731,0.15974529625190972
"('S01', 'S04', 'S05', 'S12')",0.06974858816969687,0.2510037308402139,0.93519882179676,0.4865822115331211,0.09725131274085075
"('S01', 'S04', 'S05', 'S09')",0.06974858816969687,0.24213074922070932,0.93519882179676,0.48763400888015296,0.10054836267667451
"('S01', 'S03', 'S04', 'S05')",0.06974858816969687,0.23262660959209125,0.93519882179676,0.45909684315170063,0.11464530577797899
"('S04', 'S05', 'S11', 'S12')",0.06974858816969687,0.23187992427005233,0.93519882179676,0.6538006456434788,0.08703282805833436
"('S01', 'S04', 'S05', 'S11')",0.06974858816969687,0.22775239583069518,0.93519882179676,0.5053296644955243,0.06890857369217473
"('S04', 'S05', 'S09', 'S11')",0.06974858816969687,0.21730131980852907,0.93519882179676,0.6546931028009705,0.0900400648308487
"('S03', 'S04', 'S05', 'S11')",0.06974858816969687,0.21298119566369866,0.93519882179676,0.6318735499506403,0.11539819828907134
"('S01', 'S04', 'S05', 'S07')",0.06974858816969687,0.1998982136320161,0.93519882179676,0.4486590678208198,0.06416980819960073
"('S06', 'S08', 'S11', 'S12')",0.05483008190017802,0.3685242937604474,0.8074277854195323,0.31803379422249234,0.19014722554475547
"('S02', 'S08', 'S11', 'S12')",0.05483008190017802,0.363156937012031,0.8074277854195323,0.33305613010574164,0.1770228772410791
"('S04', 'S06', 'S08', 'S12')",0.05483008190017802,0.3623623031947817,0.8074277854195323,0.384558760220096,0.1883141422940611
"('S02', 'S04', 'S08', 'S12')",0.05483008190017802,0.3488600504369024,0.8074277854195323,0.40090906439565144,0.1748954688300114
"('S02', 'S05', 'S08', 'S12')",0.05483008190017802,0.3230080350365182,0.8074277854195323,0.3992961892708638,0.17717518365050555
"('S05', 'S06', 'S08', 'S12')",0.05483008190017802,0.321482080442148,0.8074277854195323,0.3833345425476636,0.19037550360094357
"('S01', 'S08', 'S11', 'S12')",0.05483008190017802,0.3120383352457984,0.8074277854195323,0.38934274388474965,0.10357583427284613
"('S03', 'S04', 'S08', 'S12')",0.05483008190017802,0.3099455215857231,0.8074277854195323,0.5392242325124851,0.17087433011938002
"('S03', 'S06', 'S08', 'S12')",0.05483008190017802,0.30930523632655904,0.8074277854195323,0.33207197027734825,0.22322188409124796
"('S07', 'S08', 'S11', 'S12')",0.05483008190017802,0.3050977381658896,0.8074277854195323,0.3795603841656223,0.11605290594495042
"('S03', 'S08', 'S11', 'S12')",0.05483008190017802,0.3049900060392675,0.8074277854195323,0.46758052963463564,0.17047518966983408
"('S02', 'S03', 'S08', 'S12')",0.05483008190017802,0.30235256585789816,0.8074277854195323,0.35030673659556966,0.21143370241458434
"('S01', 'S03', 'S08', 'S12')",0.05483008190017802,0.2952936215928764,0.8074277854195323,0.3891131142664577,0.17453645029632278
"('S03', 'S07', 'S08', 'S12')",0.05483008190017802,0.2902135817222461,0.8074277854195323,0.3805658932463614,0.17965767090189147
"('S03', 'S05', 'S08', 'S12')",0.05483008190017802,0.289921167116172,0.8074277854195323,0.5403956355938636,0.17276258978973116
"('S01', 'S04', 'S08', 'S12')",0.05483008190017802,0.28701408875189693,0.8074277854195323,0.46133598859327335,0.09984468732925089
"('S04', 'S07', 'S08', 'S12')",0.05483008190017802,0.2866338990640721,0.8074277854195323,0.45065104424406416,0.11298905886007915
"('S01', 'S06', 'S08', 'S12')",0.05483008190017802,0.2843375326917418,0.8074277854195323,0.3138468507014934,0.18875061518225647
"('S04', 'S08', 'S11', 'S12')",0.05483008190017802,0.28379220050037146,0.8074277854195323,0.5815635990270323,0.0873871820810909
"('S01', 'S02', 'S08', 'S12')",0.05483008190017802,0.2761359219181174,0.8074277854195323,0.34344684067139736,0.17486105189121007
"('S01', 'S05', 'S08', 'S12')",0.05483008190017802,0.2680624143510548,0.8074277854195323,0.4601018077401326,0.1055689481815897
"('S02', 'S06', 'S08', 'S12')",0.05483008190017802,0.267900083196566,0.8074277854195323,0.3119010460062572,0.2163907755838286
"('S05', 'S08', 'S11', 'S12')",0.05483008190017802,0.26617331306377034,0.8074277854195323,0.5826570177128306,0.09514917607244495
"('S04', 'S05', 'S08', 'S12')",0.05483008190017802,0.2638724133665683,0.93519882179676,0.673539541658062,0.09194138602798914
"('S02', 'S07', 'S08', 'S12')",0.05483008190017802,0.2620360577989208,0.8074277854195323,0.3355194533711643,0.17959518165702967
"('S06', 'S07', 'S08', 'S12')",0.05483008190017802,0.25340749110210614,0.8074277854195323,0.3069754739149433,0.19319674972974557
"('S05', 'S07', 'S08', 'S12')",0.05483008190017802,0.2523163609034548,0.8074277854195323,0.4494651656352833,0.11593291039750421
"('S01', 'S07', 'S08', 'S12')",0.05483008190017802,0.21917694510170704,0.8074277854195323,0.42894447509235806,0.10824662538865652
"('S06', 'S09', 'S11', 'S12')",0.031008019339564097,0.3584676415131881,0.9553571428571429,0.3437485357454351,0.1944081782393111
"('S04', 'S06', 'S09', 'S12')",0.031008019339564097,0.3518830353369796,0.9553571428571429,0.4137968444308912,0.19364468763950662
"('S05', 'S06', 'S09', 'S12')",0.031008019339564097,0.3309922535795514,0.9553571428571429,0.4119428323091143,0.1975727491946572
"('S02', 'S09', 'S11', 'S12')",0.031008019339564097,0.3302971947376725,0.9553571428571429,0.3630851075494104,0.18127688595183047
"('S02', 'S04', 'S09', 'S12')",0.031008019339564097,0.3155776925520012,0.9553571428571429,0.4344613845271727,0.18021907019165265
"('S02', 'S05', 'S09', 'S12')",0.031008019339564097,0.3097151181468224,0.9553571428571429,0.4322187149530406,0.18436548526041496
"('S03', 'S06', 'S09', 'S12')",0.031008019339564097,0.3037580662970054,0.9553571428571429,0.36164412634594273,0.23078141252439802
"('S07', 'S09', 'S11', 'S12')",0.031008019339564097,0.28796916017747876,0.9553571428571429,0.4048669259214039,0.12031710400581284
"('S01', 'S06', 'S09', 'S12')",0.031008019339564097,0.2837813285132308,0.9553571428571429,0.3423761760304797,0.19567522618543068
"('S03', 'S07', 'S09', 'S12')",0.031008019339564097,0.27759448595154124,0.9553571428571429,0.4097298495477946,0.18722044470134835
"('S06', 'S07', 'S09', 'S12')",0.031008019339564097,0.2747554292479496,0.9553571428571429,0.33283161384529864,0.20078042453716868
"('S02', 'S03', 'S09', 'S12')",0.031008019339564097,0.2740023058012454,0.9553571428571429,0.38419312858489024,0.21898628686393018
"('S02', 'S06', 'S09', 'S12')",0.031008019339564097,0.27351685705646167,0.9553571428571429,0.3424796216244998,0.22396426104114067
"('S01', 'S09', 'S11', 'S12')",0.031008019339564097,0.273005614933033,0.9553571428571429,0.41732247103916215,0.10718096852945964
"('S04', 'S07', 'S09', 'S12')",0.031008019339564097,0.2690827054651187,0.9553571428571429,0.47948092868769804,0.11832284957183146
"('S03', 'S04', 'S09', 'S12')",0.031008019339564097,0.2654992198113725,0.9553571428571429,0.5717701330943583,0.1761839744568593
"('S03', 'S05', 'S09', 'S12')",0.031008019339564097,0.2654643063370269,0.9553571428571429,0.5723117417263922,0.1799389343754786
"('S03', 'S09', 'S11', 'S12')",0.031008019339564097,0.2609663198754597,0.9553571428571429,0.4966030875286564,0.17471524135642347
"('S01', 'S03', 'S09', 'S12')",0.031008019339564097,0.2607703834978169,0.9553571428571429,0.42095025596652197,0.18144016029153073
"('S02', 'S07', 'S09', 'S12')",0.031008019339564097,0.26058090591766503,0.9553571428571429,0.3656898292222457,0.1871719124806485
"('S05', 'S07', 'S09', 'S12')",0.031008019339564097,0.25475460829970686,0.9553571428571429,0.4776652556295728,0.12313340135752461
"('S01', 'S02', 'S09', 'S12')",0.031008019339564097,0.2527766277125073,0.9553571428571429,0.37629040192110974,0.18177871891058003
"('S01', 'S05', 'S09', 'S12')",0.031008019339564097,0.24859651942295236,0.9553571428571429,0.49097508313305305,0.11211037533736118
"('S01', 'S04', 'S09', 'S12')",0.031008019339564097,0.24755875282858908,0.9553571428571429,0.49283905843553827,0.10451941423675427
"('S05', 'S09', 'S11', 'S12')",0.031008019339564097,0.2372069700669196,0.9553571428571429,0.6107157092997076,0.09902694491959792
"('S04', 'S09', 'S11', 'S12')",0.031008019339564097,0.2348364165083151,0.9553571428571429,0.6102520850632537,0.08939825067997574
"('S04', 'S05', 'S09', 'S12')",0.031008019339564097,0.23448345475917487,0.9553571428571429,0.7051215759327915,0.09688874752603195
"('S06', 'S08', 'S09', 'S12')",0.031008019339564097,0.22671594130458816,0.9553571428571429,0.4881519382217489,0.17544695871197305
"('S02', 'S08', 'S09', 'S12')",0.031008019339564097,0.22366041986060592,0.9553571428571429,0.5070476853312541,0.1619090636920024
"('S04', 'S08', 'S09', 'S12')",0.031008019339564097,0.2207184243671989,0.9553571428571429,0.7140659117999429,0.07102528860946529
"('S03', 'S08', 'S09', 'S12')",0.031008019339564097,0.21242753937919068,0.9553571428571429,0.6165487660546872,0.16003673433291823
"('S01', 'S07', 'S09', 'S12')",0.031008019339564097,0.2115488151820446,0.9553571428571429,0.45706560065418306,0.11517448175813748
"('S05', 'S08', 'S09', 'S12')",0.031008019339564097,0.20143253142855888,0.9553571428571429,0.7137393239465938,0.08065035325775495
"('S08', 'S09', 'S11', 'S12')",0.031008019339564097,0.19531265890162086,0.9553571428571429,0.6336781585042529,0.06510761897418484
"('S01', 'S08', 'S09', 'S12')",0.031008019339564097,0.19080028993901765,0.9553571428571429,0.5609283560141971,0.08043006995759173
"('S07', 'S08', 'S09', 'S12')",0.031008019339564097,0.180121130829761,0.9553571428571429,0.5498044808360071,0.09481601906730973
